{
  "project_info": {
    "project_number": "56871010654",
    "firebase_url": "https://filmica-385fb.firebaseio.com",
    "project_id": "filmica-385fb",
    "storage_bucket": "filmica-385fb.appspot.com"
  },
  "client": [
    {
      "client_info": {
        "mobilesdk_app_id": "1:56871010654:android:e0531be708e182f9",
        "android_client_info": {
          "package_name": "com.celapps.filmica"
        }
      },
      "oauth_client": [
        {
          "client_id": "56871010654-ea3ipquouftie6lh812bo5pm6pahh7mk.apps.googleusercontent.com",
          "client_type": 3
        }
      ],
      "api_key": [
        {
          "current_key": "AIzaSyBU5090Sx24jHnMBDi3qtowPct-6gBRdVQ"
        }
      ],
      "services": {
        "analytics_service": {
          "status": 1
        },
        "appinvite_service": {
          "status": 1,
          "other_platform_oauth_client": []
        },
        "ads_service": {
          "status": 2
        }
      }
    }
  ],
  "configuration_version": "1"
}